{   
   "name": "DragonShaman",   
   "title": "Dragon Shaman Base Class",   
   "description": "D&D 5E homebrew Dragon Shaman Base class with multiple archetypes",   
   "author": "Group 638",
   "version": "4.4.1",
   "minimumCoreVersion": "0.7.9",
   "compatibleCoreVersion":"1.0.0",
   "packs": [
    {
      "name": "Class",
      "label": "DragonShaman",
      "path": "packs/class.db",
      "entity": "Item",
      "module": "DragonShaman"
    },
    {
      "name": "Adaptations",
      "label": "Draconic Adaptations",
      "path": "packs/adaptations.db",
      "entity": "Item",
      "module": "DragonShaman"
    }
  ]
 }